local_file,source_page,creator,source_license,sha256,intended_use,editorial_caveat
commuters_subway_cc0_pexels_855749.mp4,https://www.pexels.com/video/time-lapse-video-of-people-at-subway-station-855749/,Pixabay,CC0 as marked by Pexels,1806e0509a8edac5fcc5ea241834d9a663637440100f6697bdaac4e4d67707f2,Opening and labor-flow motif,Generic illustrative footage; London setting must not be presented as US documentary evidence
empty_office_pexels_7844843.mp4,https://www.pexels.com/video/an-empty-office-7844843/,RDNE Stock project,Pexels License,eed8257554d527753cc00b3eb4a11c6fae3b3bf999d0848e60fdbf672b4c3710,Low-hire vacancy and absence motif,Generic illustrative footage
finance_team_pexels_7593886.mp4,https://www.pexels.com/video/workers-discussing-the-company-finances-7593886/,Pavel Danilyuk,Pexels License,a2476bb11c24ec012df1ceaf4da487fc3b0e308f8fc03d61dffe90f231d185a7,Financial-activities employment chapter,Generic illustrative footage; do not imply depicted people are US workers in the release
grocery_cashier_pexels_4121754.mp4,https://www.pexels.com/video/couple-paying-at-the-counter-in-the-grocery-4121754/,Jack Sparrow,Pexels License,01a1d3b34fb1c812a769fabe480f976640684158dc5b94e750a72c2d3d4eb998,Retail employment decline and service-economy physicality,Generic illustrative footage
healthcare_nurse_pexels_6130024.mp4,https://www.pexels.com/video/healthcare-worker-taking-care-of-sick-patient-6130024/,RDNE Stock project,Pexels License,e552203429e49cfdc24b8897e27f744fa0fb41164c53216acad7cd6d35d7bd65,Healthcare employment resilience,Generic illustrative footage; avoid claims about the depicted patient or worker
job_interview_pexels_5438891.mp4,https://www.pexels.com/video/an-interviewer-talking-to-an-applicant-5438891/,Tima Miroshnichenko,Pexels License,3b38bbfc6ac98b4597f9930c2e7817373d08c06301a894b2d38c9d37211d7679,Low-hire economy and hiring friction,Generic illustrative footage
office_workers_pexels_6549254.mp4,https://www.pexels.com/video/people-working-at-an-office-6549254/,Tima Miroshnichenko,Pexels License,6aedd3d855ca6a701b869def023534932a1de6b29d30b3eeb4722231311cbb25,Office-work baseline and chapter transitions,Generic illustrative footage
self_checkout_pexels_7457422.mp4,https://www.pexels.com/video/man-doing-self-checkout-in-supermarket-7457422/,Max Medyk,Pexels License,0b9a0e54c82a803a72a098e65d5ff857782938e7ff6ec98127510eab9977a55e,Retail automation visual metaphor,Generic illustrative footage; crop or obscure visible Costco branding and do not imply endorsement
warehouse_workers_pexels_4293958.mp4,https://www.pexels.com/video/men-working-in-the-warehouse-4293958/,Tiger Lily,Pexels License,73001ff2fd8b3c5ea0423da1efa9eeb201549e03bd083d1e96db5b3f51c38545,Goods-sector and labor-demand physicality,Generic illustrative footage
